gloss,count
shave,77
pineapple,76
erase,74
drown,73
envelope,72
dog,62
cool,62
chew,62
knight,61
flashlight,61
castle,61
pipe,60
fork,60
follow,60
cry,60
pop,59
sandwich,59
magnet,59
yawn,59
handsome,58
stack,58
bury,58
banana,58
scarf,58
slice,58
jacket,58
strawberry,58
gloves,58
necklace,57
bow,56
cloud,56
stethoscope,56
peg,49
knitting,48
sharpen,48
cross,48
rhino,48
somersault,47
story,46
helicopter,46
meditate,46
wristwatch,46
float,46
peel,46
lock,46
elevator,46
right,46
gun,46
microscope,46
kiss,46
dolphin,45
skateboarding,45
toy,45
catch,45
screwdriver,45
mix,45
sweater,45
stamp,45
glass,45
file,44
parachute,44
arrest,44
pillow,44
spread,44
tow,44
kangaroo,44
oil,44
corn,44
cat,44
patient,43
carrot,43
hairdryer,43
whatfor,43
shoulder,43
bark,42
bra,42
windmill,42
dip,42
bat,41
arm,41
iron,41
conduct,41
basketball,41
lobster,41
meat,34
hurdle/trip,34
teach,33
lickenvelope,33
rabbit,33
wash,32
razor,32
clock,32
comb,32
dark,32
soccer,32
serve,32
decorate,32
tail,32
decide,32
autism,32
forever,31
erupt,31
party,31
candy,31
pour,31
want,31
load,31
basket,31
swim,31
run,31
breakfast,31
plug,31
how,31
pizza,31
demand,31
pet,31
pants,31
bite,31
duck,31
what,31
nothing,31
milk,31
rockingchair,31
shake,31
slide,31
corkscrew,31
wade,31
shark,31
empty,31
lunch,31
fine,31
blinds,31
slip,31
feed,31
sneeze,31
baby,31
peas,30
cheat,30
stretch,30
upset,30
christmas,30
nut,30
strain,30
shovel,30
call,30
underwear,30
rocket,30
noon,30
lift,30
deaf,30
can,30
leaf,30
knife,30
ride,30
policeman,30
magnify,30
sharp,30
movie,30
backpack,30
juice,30
soap,30
tearrip,30
kick,30
motivation,30
model,30
whistle,30
curtsey,30
greet,30
hippo,30
imagine,30
tie,30
bed,30
thief,30
sail,30
sentence,30
plow,30
fold,30
spill,30
halloween,30
hatch,30
onemore,30
support,30
bowling,30
money,30
roar,30
buckle,30
eat,30
smile,30
dentist,29
tieup,29
edit,29
mail,29
helmet,29
develop,29
shoot,29
flag,29
grapes,29
dinner,29
dedicate,29
river,29
boots,29
axe,29
minimum,29
welcome,29
throw,29
they,29
mechanic,29
bag,29
shout,29
lamp,29
trip,29
saw,29
remember,29
lick,29
soon,29
type,29
hat,29
bridge,29
bored,29
hoodie,29
videocamera,29
breakdown,29
city,29
belt,29
problem,29
bake,29
fall,29
hear,29
order,29
foreigner,29
eagle,29
perfume,29
hospital,29
opinion,29
cute,29
hold,29
calendar,29
downsize,29
pinch,29
crawl,29
cancer,29
convince,29
cracker,29
swing,29
fence,29
washface,29
drag,29
cherry,29
shirt,29
research,29
wrapup,28
suspenders,28
turkey,28
doctor,28
relax,28
frown,28
recent,28
confused,28
snow,28
bee,28
curl,28
twins,28
stupid,28
cheerleader,28
closet,28
peach,28
mexican,28
drink,28
special,28
blowcandle,28
talk,28
glue,28
dinosaur,28
trim,28
witch,28
honey,28
hair,28
woman,28
mop,28
third,28
stand,28
mountain,28
fireman,28
bandaid,28
guess,28
mean,28
letter,28
lettuce,27
fishing,27
measure,27
guillotine,27
kite,27
same,27
boil,27
live,27
truck,27
hit,27
walk,27
about,27
shop,27
lemon,27
night,27
cream,27
believe,26
sled,26
tall,26
cancel,26
sunbathe,26
takeoff,24
jewelry,18
maple,18
sink,18
squeeze,18
ski,17
8hour,17
copy,17
offend,17
since,17
voice,17
uncle,17
tomato,17
vomit,17
penny,17
myself,17
enough,17
vlog,17
tickle,17
grammar,17
flip,17
mouth,17
walk-tightrope-cl,17
cheer,17
metal,17
longline,17
shocked,17
apple,17
tractor,17
zebra,17
capture,17
ponder,17
joke,17
society,17
anyone,17
cemetery,17
fail,17
allofsudden,17
close,17
catapult,17
baseballcap,17
intuitive,17
peekaboo,17
cheek,17
press,17
easy,17
pullconvince,17
scrolldown,17
other,17
bandage,17
cheesegrater,17
goodygoodyshoeopposite,17
meaculpa,17
advertise,17
hope,17
sweatpants,17
impossible,17
articulatesign,17
independent,16
select,16
pretend,16
people,16
back,16
always,16
brother,16
brag,16
oldest,16
tongue,16
ostrich,16
plant,16
shortperson,16
touch,16
weigh,16
mess,16
alright,16
closeeyes,16
hands,16
passport,16
couch,16
beach,16
dig,16
fringe,16
tent,16
land,16
both,16
bull,16
eight,16
curlyhair,16
cooperate,16
deflate,16
boilingmad,16
slipper,16
eleven,16
ghost,16
everyyear,16
price,16
whale,16
off,16
sushi,16
holdhands,16
day,16
battery,16
5dollars,16
while,16
chase,16
fallingasleep,16
boxing,16
takecare,16
champion,16
escalator,16
sailboat,16
octopus,16
blame,16
notmind,16
roast,16
differentsituation,16
address,16
skirt,16
fuzzy,16
carousel,16
needle,16
edge,16
hummingbird,16
spaceship,16
braids,16
skunk,16
cocaine,16
your,16
chain,16
sticky,16
workout,16
flute,16
later,16
download,16
notinterested,16
wheelchair,16
sculpture,16
sweatshirt,16
eggbeater,16
gift,16
switzerland,16
team,16
backout,16
filter,16
nailclipper,16
dodo,16
grenade,16
fraction,16
cake,16
each,16
getinbed,16
triangle,16
view,16
enter,16
psychology,16
sshh,16
child,16
headcold,16
divide,16
few,16
rake,16
whole,16
inept,16
zero,16
brainstorm,16
either,16
step,16
ignore,16
earring,16
washmachine,16
regular,16
fascinated,16
hardofhearing,16
misunderstand,16
holdtogether,16
comeout,16
vacuum,16
mischievous,16
country,16
hose,16
grasp,16
prayer,16
write,16
scrub,16
blond,16
dontknow,16
superior,16
samesame,16
category,16
stop,16
beard,16
italy,16
metaphor,16
wine,16
own,16
drill,16
protection,16
small,16
japan,16
lose,16
introduce,16
snowboard,16
assembly,16
jump,16
honor,16
undergraduate,16
scoop,16
pick,16
shiny,16
bottle,16
wink,16
jewish,16
steal,16
fast,16
behavior,16
fool,16
forbid,16
camcorder,16
hall,16
catepillar,16
nine,16
disappoint,16
pizzacutter,16
six,16
roll,16
scream,16
cannot,16
bison,16
head,16
bubbles,16
single,16
walrus,16
long,16
physics,16
hurry,16
take,16
intentional,16
tomorrow,16
his,16
hang,16
apart,16
harp,16
vase,16
breaktime,16
crossheart,16
think,16
saltshaker,16
writeonwall,16
grab,16
dresser,16
fond,16
finance,16
hate,16
hot,16
dislike,16
wow,16
gamble,16
washdishes,16
straight,16
state,16
even,16
depth,16
toomuch,16
ok,16
highlighter,16
letgo,16
tty,16
expect,16
road,16
chop,16
yourself,16
page,16
passout,16
bell,16
smellmoney,16
zoo,16
yellow,16
buy,16
everynight,16
excuse,16
lousy,16
sneakadventure,16
beat,16
cost,16
sure,16
truth,16
on,16
slave,16
share,16
candle,16
beans,16
eyes,16
toothbrush,16
benefit,16
house,16
tanktop,16
demote,16
powder,16
skin,16
church,16
suck,16
russia,16
snap,16
climbladder,16
heavy,16
gray,16
signature,16
rough,16
melt,16
caption,16
robot,16
label,16
discuss,16
answer,16
orangeeyes,16
orangethroat,16
line,16
haircut,16
revenge,16
wife,16
vampire,16
cellphone,16
stockings,16
peacock,16
ear,16
we,16
germany,16
bumpy,16
letmesee,16
niece,16
smooth,16
circuswheel,16
ticket,16
nose,16
dontfeellike,16
openbook,16
face,16
spontaneous,16
end,16
influence,16
most,16
avoid,16
sarcastic,16
scold,16
disrupt,16
earn,16
nice,16
depress,16
yucky,16
inhale,16
cut,16
easytodo,16
article,16
leavealone,16
weave,16
lollipop,16
busy,16
downhill,16
institute,16
isolated,16
therapy,16
zipper,16
become,16
no,16
dirty,16
thermometer,16
letknow,16
signingfluently,16
shortword,16
turn,16
balance,16
experiment,16
yesterday,16
client,16
bullshit,16
fashion,16
advantage,16
spicy,16
school,16
between,16
girl,16
laydown,16
willgo,16
precious,16
gettogether,16
thankyou,16
kid,16
corner,16
mosquito,16
teeth,16
uncertain,16
improve,16
test,16
boat,16
remove,16
meet,16
gossip,16
tube,16
whisper,16
god,16
peck,16
newspaper,16
waterdrop,16
count,16
faucet,16
hug,16
supervisor,16
cards,16
carve,16
rose,16
stink,16
budget,16
sophomore,16
basic,15
france,15
row,15
you,15
forfeit,15
community,15
alcohol,15
smell,15
blush,15
softball,15
full,15
timetotime,15
transgender,15
car,15
defeat,15
friend,15
yes,15
draw,15
but,15
crazy,15
toast,15
eyeturn,15
amazing,15
sing,15
comfortable,15
flipswitch,15
allway,15
tease,15
lesson,15
space,15
fedup,15
plummet,15
match,15
idea,15
preacher,15
far,15
continue,15
recite,15
bye,15
move,15
assist,15
pen,15
option,15
guilty,15
lightning,15
fan,15
wall,15
bachelor,15
grieve,15
send,15
crocodile,15
lucky,15
alone,15
deny,15
thinkover,15
learnlesson,15
rush,15
family,15
priest,15
summarize,15
frog,15
clothes,15
signpaper,15
redfaced,15
thunder,15
tan,15
dictionary,15
lightson,15
qtip,15
wand,15
scarmemory,15
temporary,15
wise,15
putaside,15
strong,15
straw,15
if,15
goatee,15
haha,15
claw,15
knockoff,15
vain,15
greenbeans,15
vitamins,15
stadium,15
so,15
everything,15
throwaway,15
come,15
thoughtdisappear,15
stare,15
limited,15
dry,15
dye,15
enginestart,15
freedom,15
drive,15
graduateschool,15
cameraman,15
april,15
delegate,15
proof,15
intelligent,15
rollupsleeves,15
pear,15
experienced,15
wheel,15
over,15
rainbow,15
value,15
earmuffs,15
doesntmatter,15
boyfriend,15
pope,15
event,15
hell,15
form,15
hood,15
assign,15
until,15
predict,15
drug,15
like,15
murder,15
best,15
this/it,15
payoffbills,15
will,15
freeze,15
distracted,15
bet,15
mailman,15
connection,15
outside,15
goal,15
lookforward,15
funny,15
roof,15
vanilla,15
towel,15
give,15
fry,15
grandparents,15
confident,15
gay,15
smart,15
lazy,15
guitar,15
glove,15
garage,15
africa,15
actor,15
flower,15
heaven,15
egg,15
window,15
soup,15
whip,15
papercutter,15
hunt,15
parents,15
peace,15
headache,15
kitchen,15
film,15
announce,15
mcdonalds,15
giraffe,15
secretary,15
hungry,15
mirror,15
heart,15
picture,15
asia,15
restaurant,15
library,15
snorkel,15
senate,15
spain,15
good,15
socialize,15
access,15
alittlebit,15
gone,15
admit,15
brainwash,15
tuesday,15
blow,15
near,15
double,15
astronaut,15
paragraph,15
opportunity,15
binoculars,15
earthquake,15
engineer,15
subtract,15
clown,15
biology,15
baseball,15
tennis,15
interest,15
fire,15
tournament,15
starbucks,15
after,15
wear,15
wide,15
dance,15
experience,15
travel,15
basement,15
toss,15
calltty,15
cigarette,15
and,15
embarrass,15
character,15
borrow,15
finish,15
text,15
museum,15
front,15
much,15
ugly,15
whatever,15
zoomin,15
leave,15
sorry,15
for,15
trouble,15
theory,15
health,15
staff,15
friday,15
shoes,15
pig,15
tea,15
summer,15
volleyball,15
football,15
america,15
grow,15
show,15
scarcely,15
slow,15
things,15
recording,15
farm,15
lipstick,15
videophone,15
sew,15
four,15
alphabet,15
cookie,15
cigar,15
worm,15
person,15
different,15
onlyone,15
practice,15
sympathy,15
hotdog,15
careful,15
year,15
computermouse,15
prefer,15
vacation,15
swearin,15
time,15
behind,15
key,15
hard,15
fat,15
rude,15
more,15
really,15
violin,15
freckles,15
mustache,15
catholic,15
wish,15
warn,15
vote,15
minute,15
highschool,15
reason,15
need,15
bone,15
children,15
record,15
humor,15
rope,15
floor,15
thanksgiving,15
lend,15
zoomoff,15
rollerblading,15
hop,15
canoe,15
beaver,15
agreement,15
notusedto,15
fruit,15
maid,15
ruler,15
veryinterested,15
south,15
tell,15
ego,15
now,15
appointment,15
game,15
drop,15
wood,15
happy,15
summon,15
camera,15
disney,15
stumble,15
devour,15
awkward,15
boss,15
wave,15
accountant,15
napkin,15
challenge,15
world,15
black,15
lie,15
son,15
feel,15
wonder,15
judge,15
man,15
dream,15
mock,15
learn,15
honk,15
everyday,15
example,15
degree,15
release,15
fired,15
stapler,15
in,15
light,15
cheap,15
headphones,15
birthday,15
stir,15
remotecontrol,15
warm,15
cold,15
translate,15
onion,15
script,15
vibrate,15
provide,15
something,15
flipflops,15
automatic,15
memorizememorize,15
plan,15
dontwant,15
quiet,15
none,15
explode,15
pancake,15
udder,15
plate,15
spider,15
possum,15
lonely,15
alaska,15
trophy,15
book,15
paint,15
smoking,15
room,15
nephew,15
bicycle,15
insult,15
language,15
scan,15
oral,15
juggle,15
adult,15
doll,15
secret,15
tear,15
bun,15
dart,15
enjoy,15
cereal,15
magic,15
tv,15
scientist,15
gym,15
lightcandle,15
dice,15
qm,15
pointindex,15
medicine,15
go,15
tiny,15
all,15
allover,15
openwallet,15
weight,15
use,15
today,15
peanutbutter,15
circle,15
promise,15
shame,15
rat,15
ohisee,15
stuck,15
interpreter,15
impact,15
young,15
french,15
signlanguage,15
foul,15
potato,15
table,15
must,15
sports,15
jealous,15
english,15
humble,15
dumb,15
diaper,15
coffee,15
dormitory,15
counselor,15
cup,15
blanket,15
electrician,15
camping,15
bridesmaid,15
grandmother,15
iphone,15
popcorn,15
poor,15
gorilla,15
dragon,15
bolt,15
runfaucet,15
next,15
cause,15
stretch-ca,15
arrive,15
yeah,15
racecartrack,15
dancer,15
chew2mouth,15
nurse,15
computer,15
canada,15
earth,15
with,15
guide,15
word,15
paranoid,15
lipread,15
holdaccountable,15
angel,15
register,15
gate,15
propeller,15
twirl,15
weak,15
expert,15
wheelbarrow,15
cleftchin,15
persuade,15
holy,15
luck,15
fingerscrossed,15
quarter,15
study,15
hongkong,15
coach,15
dizzy,15
environment,15
cannon,15
pair,15
blink,15
navy,15
react,15
photography,15
unaware,15
savemoney,15
headback,15
w.h.a.t,15
cowboy,15
bitch,15
ice,15
pirate,15
shorts,15
clean,15
sauce,15
aunt,15
nextdown,15
resign,15
policy,15
hinge,15
harmonica,15
auditorium,15
result,15
one,15
fade,15
hypocrite,15
park,15
celery,15
place,15
interview,15
enemy,15
handcuffs,15
graduate,15
calm,15
down,15
wrestle,15
without,15
grind,15
us,15
seesee,15
arizona,15
mine,15
mainstream,15
hawaii,15
committee,15
blur,15
navel,15
crumple,15
easel,15
award,15
identity,15
sunrise,15
hairclipper,15
group,15
biteonarm,15
chimney,15
popular,15
department,15
role,15
against,15
plunger,15
once,15
beg,15
linguistics,15
steam,15
crash,15
burn,15
specialist,15
spaghetti,15
singleout,15
blackbird,15
videogame,15
restallday,15
sametime,15
notathing,15
often,15
great,15
nothingatall,15
california,15
admire,15
carry,15
twoweeks,15
nextyear,15
bleed,15
month,15
left,15
shot,15
poop,15
pissedoff,15
sting,15
fourth,15
addict,15
sculpt,15
slingshot,15
attitude,15
wring,15
sausage,15
winter,15
churn,15
heartbody,15
retrieve,15
technology,15
pumpkin,15
charge,15
allgone,15
big,15
feedback,15
losegame,15
lost,15
kneel,15
upload,15
bloom,15
hotel,15
spitout,15
donut,15
accordion,15
sideburns,15
replace,15
hockey,15
than,15
dependon,15
leather,15
normal,15
mindturned,15
punish,15
1dollar,15
stand-up,15
fair,15
interested,15
quality,15
assistant,15
comment,15
goingthroughahardtime,15
invest,15
sweet,15
open,15
beak,15
heap,15
goosebumps,15
livingroom,15
overwhelmed,15
whiteperson,15
bright,15
tendyour,15
network,15
stayawake24hrs,15
washhands,15
nonsense,15
deafschool,15
lungs,15
middle,15
kissfist,15
teenager,15
makebelieve,15
plus,15
temperblowup,15
barely,15
spend,15
align,15
waterski,15
sweetheart,15
ski-ca,15
visitor,15
bald,15
above,15
wewillsee,15
license,15
side,15
sofa,15
jigsawpuzzle,15
naked,15
add,15
giveup,15
clash,15
cutremovevid,15
contactlens,15
pack,15
square,15
tossout,15
fillout,15
or,15
drum,15
propose,15
consume,15
bib,15
sign,15
habit,15
abbreviate,15
pity,15
dontlike,15
never,15
energy,15
absolutelynothing,15
fantasy,15
champ,15
handsoap,15
twomore,15
shortdistance,15
movedown,15
jar,15
freakout,15
hide,15
hen,15
stripe,15
range,15
digup,15
gothrough,15
pole,15
tablet,15
triple,15
watch,15
eachother,15
rob,15
hoe,15
pay,15
fake,15
analyze,15
focus,15
sweep,15
generation,15
date,15
then,15
click,15
eyesawake,15
beanie,15
hanukkah,15
concerned,15
planet,15
sell,15
our,15
sophisticated,15
bottom,15
total,15
hamster,15
any,15
emphasis,15
rich,15
mascara,15
valley,15
list,15
blue,15
thinkponder,15
offthepoint,15
destroy,15
see,15
sword,15
thinkchin,15
certificate,14
engagement,14
freeway,14
try,14
age,14
director,14
parade,14
strict,14
relationship,14
war,14
have,14
pretty,14
fingerspell,14
body,14
noise,14
fins,14
rock,14
stopwatch,14
suspend,14
longword,14
transfer,14
shelf,14
umbrella,14
pepper,14
scissors,14
chance,14
butter,14
grass,14
frenchfries,14
pride,14
marry,14
celebrate,14
orange,14
surgeon,14
teacher,14
bread,14
playground,14
verb,14
cafeteria,14
waste,14
week,14
science,14
spoon,14
under,14
famous,14
tornado,14
barrette,14
garlic,14
resent,14
vagina,14
snail,14
alltogether,14
gotcha,14
dealcards,14
social,14
risk,14
getinformationoutof,14
moose,14
damn,14
longago,14
mention,14
overlook,14
inch,14
snowsuit,14
mouse,14
suckthumb,14
proximalization,14
pencil,14
disagreement,14
water,14
project,14
tissue,14
wallet,14
coins,14
stubborn,14
puzzled,14
bird,14
turtle,14
appear,14
street,14
9oclock,14
wander,14
future,14
read,14
surf,14
island,14
he,14
microwave,14
lighter,14
motorcycle,14
horse,14
brush,14
paintbrush,14
channel,14
cocacola,14
university,14
husband,14
bowl,14
pie,14
eyeglasses,14
europe,14
that,14
egypt,14
gullible,14
clear,14
name,14
skate,14
red,14
disappear,14
strange,14
paper,14
friendly,14
pain,14
why,14
greece,14
wolf,14
fly,14
moon,14
coverup,14
rollerskating,14
deodorant,14
waiter,14
trash,14
chair,14
drawer,14
bowtie,14
stars,14
monkey,14
shy,14
hearingaid,14
lion,14
magazine,14
shield,14
socks,14
desert,14
history,14
sheep,14
student,14
psychologist,14
hello,14
there,14
evaluate,14
stomach,14
fraud,14
fish,14
monday,14
when,14
salad,14
goat,14
hurt,14
contact,14
hatbrim,14
tobacco,14
horrible,14
balloon,14
neutral,14
insurance,14
deer,14
laugh,14
alarm,14
suspect,14
home,14
make,14
gas,14
get,14
win,14
government,14
glasses,14
lawnmower,14
first,14
exercise,14
late,14
callattention,14
chat,14
divorce,14
cousin,14
owe,14
machine,14
mind,14
dryer,14
dontmind,14
gallaudet,14
fight,14
dressup,14
traffic,14
radio,14
center,14
honest,14
last,14
salt,14
pile,14
communication,14
please,14
where,14
purple,14
animal,14
army,14
ask,14
sad,14
religion,14
sick,14
know,14
explanation,14
play,14
complex,14
blood,14
green,14
hearing,14
maybe,14
brave,14
scared,14
action,14
fault,14
morning,14
understand,14
king,14
temptation,14
cancellation,14
north,14
two,14
hammer,14
creditcard,14
invite,14
pink,14
who,14
find,14
act,14
ring,14
new,14
vegetable,14
emotion,14
blind,14
lookat,14
building,14
college,14
possible,14
doubt,14
perceive,14
allday,14
devil,14
pepsi,14
which,14
braille,14
piano,14
father,14
vest,14
scratch,14
priority,14
kitten,14
intervene,14
takenotes,14
yoyo,14
complain,14
period,14
seal,14
situation,14
instagram,14
organization,14
faculty,14
longtime,14
yay,14
confidential,14
donkey,14
retire,14
skill,14
squareidiot,14
halfhour,14
positive,14
tradition,14
league,14
snapstick,14
punchface,14
design,14
athlete,14
law,14
wind,14
babysitter,14
at,14
lastweek,14
mad,14
hairdresser,14
commute,14
iloveyou,14
bend,14
average,14
impress,14
volunteer,14
stay,14
vanish,14
hundred,14
nobigdeal,14
neck,14
closedoor,14
alloverbody,14
dontcare,14
acquire,14
culture,14
shameonyou,14
burp,14
topic,14
manage,14
profoundlydeaf,14
whynot,14
ready,14
casual,14
march,14
producesign,14
supervise,14
public,14
tendency,14
vocabulary,14
snowman,14
structure,14
refuse,14
smoke,14
join,14
principal,14
postpone,14
these,14
invisible,14
disconnect,14
evidence,14
inspire,14
frame,14
nerve,14
compass,14
together,14
choke,14
thinkpenetrate,14
request,14
putinbackmind,14
berry,14
windowopen,14
specific,14
takepill,14
member,14
weird,14
perspective,14
boston,14
dontneed,14
struggle,14
roommate,14
parallel,14
workshop,14
validate,14
pass,14
afternoon,14
cranky,14
negative,14
keep,14
expensive,14
twoofus,14
infection,14
fromthenon,14
philadelphia,14
kindergarten,14
brick,14
blank,14
surgery,14
caught,14
getoff,14
sweat,14
lesbian,14
bother,14
scout,14
stimulate,14
reallyinto,14
shooting,14
instead,14
system,14
free,14
half,14
sour,14
weekend,14
visualize,14
score,14
newstome,14
immature,14
backup,14
document,14
dreadlocks,14
program,14
very,14
busted,14
handsoff,14
timeprogress,14
resist,14
sound,14
siren,14
duty,14
memorize,14
protest,14
put,14
white,14
self,14
top,14
area,14
philosophy,14
hearttouch,14
permission,14
caraccident,14
ocean,14
dessert,14
muscle,14
knock,14
buttons,14
gum,14
toagoal,14
operatemachine,14
lips,14
ruin,14
backyard,14
kissoncheek,14
buffalo,14
should,14
pinon,14
curious,14
nail,14
melon,14
fix,14
argue,14
seven,14
diningroom,14
camel,14
refrigerator,14
tape,14
microphone,14
nextto,14
archeology,14
firetruck,14
soft,14
crown,14
village,14
kill,14
notyet,14
drip,14
here,14
forgetful,14
seem,14
ball,14
better,14
quit,14
bank,14
inspiring,14
getthrough,14
notunderstand,14
windy,14
finger,14
fun,14
miss,14
gateclose,14
thrilled,14
still,14
shutout,14
restless,14
mummy,14
journey,14
dispatch,14
platform,14
calculator,14
away,14
furniture,14
chin,14
shape,14
bomb,14
spendlotsofmoney,14
danger,14
pjs,14
penguin,14
wrap,14
audience,14
truebusiness,14
missing,14
reflect,14
spring,14
pharmacist,14
obvious,14
plenty,14
silver,14
indian,14
create,14
less,14
february,14
persistent,14
thirsty,14
steak,14
hotcompetition,14
nosebleed,14
finally,14
junior,14
easter,14
turban,14
seniorcitizen,14
sequence,14
oneyearago,14
before,14
instinct,14
function,14
chaos,14
mushroom,14
jumprope,14
excited,14
accept,14
worse,14
looklike,14
deliberate,14
forest,14
biteonneck,14
rescue,14
process,14
clip,14
megaphone,14
players,14
earsup,14
pliers,14
not,14
reduce,14
icecream,14
shrimp,14
some,14
print,14
bathroom,14
coconut,14
pill,14
stairs,14
door,14
net,14
tough,14
fox,14
sunset,14
check,14
bedroom,14
silly,14
attention,14
queen,14
cheese,14
interpret,14
turnkey,14
accident,14
laptop,14
sister,14
tiger,14
from,14
boy,14
holiday,14
elephant,14
prison,14
hurricane,14
deep,14
ceiling,14
realsick,14
tubetop,14
hadenough,14
juggler,14
jellyfish,14
accent,14
up,14
lead,14
leak,14
runoutof,14
dent,14
star,14
agency,14
bath,14
catchbaseball,14
cabinet,14
knownothing,14
pageant,14
due,14
reach,14
ribbonaward,14
three,14
speakers,14
toothbrush-ca,14
chocolate,14
pickle,14
express,14
vision,14
goahead,14
train,14
because,14
dissolve,14
fifth,14
cook,14
surprise,14
growup,14
thinkobsess,14
elementaryschool,14
ooh,14
dominant,14
pregnant,14
serious,14
work,14
massage,14
relief,14
rain,14
important,14
turnaround,14
blouse,14
adopt,14
bathtub,14
sunday,14
visit,14
howl,14
goodygoody,14
headgrind,14
decline,14
sensitive,14
favorite,14
penis,14
thinkconnect,14
gobackandforth,14
concept,14
comehere,14
strangle,14
incredible,14
lookappearance,14
butterfly,14
friendsnomore,14
glow,14
bounce,14
angry,14
mother,14
dress,14
jelly,13
fencing,13
help,13
congratulations,13
change,13
race,13
bar,13
a-linebob,13
israel,13
chargecard,13
offhand,13
shower,13
eclipse,13
monster,13
antlers,13
grandfather,13
start,13
soda,13
lookfor,13
curtain,13
noose,13
meeting,13
inject,13
bear,13
well,13
loud,13
sow,13
power,13
bacon,13
true,13
eraser,13
elegance,13
unicorn,13
stress,13
setup,13
me,13
clueless,13
hitchhike,13
theatre,13
emperor,13
birth,13
break,13
my,13
clause,13
sleep,13
dilemma,13
cough,13
bind,13
bulldozer,13
hamburger,13
plain,13
cape,13
unique,13
highheels,13
immerse,13
frisk,13
lightweight,13
delinquent,13
thinkexpand,13
mime,13
saxophone,13
raisin,13
toilet,13
bus,13
homework,13
thursday,13
lawyer,13
newyork,13
breathe,13
poolgame,13
death,13
rooster,13
cow,13
hour,13
wrong,13
drunk,13
art,13
brown,13
dive,13
remind,13
west,13
gold,13
overtake,13
bad,13
delicious,13
figure,13
die,13
wednesday,13
wedding,13
notcare,13
wet,13
saturday,13
beer,13
internet,13
office,13
happen,13
bug,13
thin,13
conflict,13
former,13
squirrel,13
dribble,13
prince,13
locker,13
board,13
lookback,13
overnight,13
major,13
picnic,13
dissect,13
atlanta,13
faint,13
splash-ca,13
inside,13
jawdrop,13
pressinmind,13
obsess,13
australia,13
equal,13
timeout,13
cherish,13
badge,13
several,13
crewcut,13
taste,13
again,13
polish,13
gesture,13
respect,13
itch,13
universe,13
electrocute,13
crashplane,13
shakespeare,13
golf,13
promote,13
responsibility,13
chopsticks,13
clap,13
carbattery,13
spotsomething,13
early,13
porcupine,13
effect,13
keyboard,13
love,13
fit,13
innocent,13
daughter,13
safe,13
sometimes,13
bless,13
many,13
awake,13
tiredof,13
math,13
pitcher,13
crack,13
blowmind,13
push,13
grade,13
rule,13
bring,13
santa,13
fiance,13
string,13
sit,13
marionette,13
gotojail,13
sandals,13
escape,13
east,13
oops,13
suit,13
perfect,13
fingerspelling,13
china,13
snob,13
rest,13
numbers,13
box,13
loyal,13
point,13
tired,13
old,13
wait,13
to,13
class,13
swallow,13
bracelet,13
save,13
color,13
way,13
email,12
lecture,12
weather,12
out,12
president,12
diamond,12
listen,12
hangclothes,12
snake,12
frustrate,12
airplane,12
shampoo,12
music,12
tree,12
owl,12
worry,12
percent,12
phone,12
chicago,12
business,12
past,12
high,12
escalate,12
accomplish,12
pull,12
sun,12
talkdirty,11
